Workbook

Sheet ACARA
A52: SUSUNAN ACARA KEJURWIL ATLETIK PEKALONGAN
A53: MINGGU, 27 SEPTEMBER 2026
A55: JAM | C55: NOMOR LOMBA | E55: JENIS KELAMIN | F55: BABAK | G55: SESI
A56: PEMANGGILAN
A57: 05.30 | C57: 5000 M U 16 - 18 | E57: PUTRI | F57: FINAL | G57: PAGI 05.30
A58: 05.45 | C58: 5000 M U 16 - 18 | E58: PUTRA | F58: FINAL
A59: 06.30 | C59: 1000 m U 12 - 13 | E59: PUTRI | F59: FINAL
A60: 06.45 | C60: 1000 m U 12 - 13 | E60: PUTRA | F60: FINAL
A61: Event | B61: 5 | C61: TOLAK PELURU U 14 - 15 | E61: PUTRI | F61: FINAL
A62: Event | B62: 6 | C62: LOMPAT JAUH U 16 - 18 | E62: PUTRI | F62: FINAL
A63: Event | B63: 7 | C63: JuarAKU 30 m U 5 | E63: PUTRI | F63: FINAL
A64: Event | B64: 8 | C64: 60 m U 10 - 11 | E64: PUTRI | F64: PENYISIHAN
A65: Event | B65: 9 | C65: JuarAKU 30 m U 6 | E65: PUTRI | F65: FINAL
A66: Event | B66: 10 | C66: TOLAK PELURU U 14 - 15 | E66: PUTRA | F66: FINAL
A67: Event | B67: 11 | C67: LOMPAT JAUH U 16 - 18 | E67: PUTRA | F67: FINAL
A68: Event | B68: 12 | C68: JuarAKU 30 m U 5 | E68: PUTRA | F68: FINAL
A69: Event | B69: 13 | C69: 60 m U 10 - 11 | E69: PUTRA | F69: PENYISIHAN
A70: Event | B70: 14 | C70: JuarAKU 30 m U 6 | E70: PUTRA | F70: FINAL
A71: Event | B71: 15 | C71: TOLAK PELURU U 16 - 18 | E71: PUTRI | F71: FINAL
A72: Event | B72: 16 | C72: LOMPAT JAUH U 14 - 15 | E72: PUTRI | F72: FINAL
... A82: Event | B82: 26 | C82: 100 m U 16 - 18 | E82: PUTRA | F82: PENYISIHAN
A83: Event | B83: 27 | C83: 800 m U 16 - 18 | E83: PUTRI | F83: FINAL | G83: SORE 13.30
A84: Event | B84: 28 | C84: 800 m U 16 - 18 | E84: PUTRA | F84: FINAL
A85: Event | B85: 29 | C85: Lempar cakram U 16 - 18 | E85: PUTRI | F85: FINAL
A86: Event | B86: 30 | C86: Lempar lembing U 16 - 18 | E86: PUTRI | F86: FINAL
A87: Event | B87: 31 | C87: 400 m U16-18 | E87: PUTRI | F87: FINAL
A88: Event | B88: 32 | C88: 400 m U16-18 | E88: PUTRA | F88: FINAL
A89: Event | B89: 33 | C89: 400 m U14-15 | E89: PUTRI | F89: FINAL
A90: Event | B90: 34 | C90: 400 m U14-15 | E90: PUTRA | F90: FINAL
A91: Event | B91: 35 | C91: Lempar cakram U 16 - 18 | E91: PUTRA | F91: FINAL
A92: Event | B92: 36 | C92: Lempar lembing U 16 - 18 | E92: PUTRA | F92: FINAL
A93: Event | B93: 37 | C93: 200 m U 16 - 18 | E93: PUTRI | F93: FINAL
A94: Event | B94: 38 | C94: 200 m U 16 - 18 | E94: PUTRA | F94: FINAL
A95: Event | B95: 39 | C95: 60 m U 10 - 11 | E95: PUTRI | F95: FINAL
... A108: Event | B108: 52 | C108: Estafet 4 X 100 U 16 - 18 | E108: MIX | F108: FINAL
A111: Buku Acara Kejurwil Atletik Pekalongan
A112: Minggu, 27 September 2026
A114: Sesi Pagi
A115: Event | C115: : 1. 5000M U 16-18 Famale
A116: NO | B116: BIB | C116: Nama Atlet | D116: YR | E116: Team | F116: Time
A117: 1 | B117: =INDEX('Sheet 0'!A:A, MATCH(C117, 'Sheet 0'!C:C, 0)) -> '667 | C117: Lova Puryanina | D117: 09 | E117: SMA NEGERI 1 BAWANG
A118: 2 | B118: =INDEX('Sheet 0'!A:A, MATCH(C118, 'Sheet 0'!C:C, 0)) -> '422 | C118: AQILA FEBRIAN JASMIN | D118: 13 | E118: PASI KOTA PEKALONGAN
A119: 3 | B119: =INDEX('Sheet 0'!A:A, MATCH(C119, 'Sheet 0'!C:C, 0)) -> '451 | C119: MAHARANI SAHIRA RAMADHANI | D119: 12 | E119: PASI KOTA PEKALONGAN
A120: 4 | B120: =INDEX('Sheet 0'!A:A, MATCH(C120, 'Sheet 0'!C:C, 0)) -> '284 | C120: Laila Setara Ibnu Sina | D120: 12 | E120: PASI BATANG
A121: 5 | B121: =INDEX('Sheet 0'!A:A, MATCH(C121, 'Sheet 0'!C:C, 0)) -> '266 | C121: NASHWA PRADIPA KHALISA PUTRI | D121: 12 | E121: MTs MUHAMMADIYAH BATANG
A122: 6 | B122: =INDEX('Sheet 0'!A:A, MATCH(C122, 'Sheet 0'!C:C, 0)) -> '371 | C122: Lintang Ayu Ratu Aulya | D122: 09 | E122: PASI KAB TEGAL
A123: 7 | B123: =INDEX('Sheet 0'!A:A, MATCH(C123, 'Sheet 0'!C:C, 0)) -> '309 | C123: NADHIFA SABRIYYA ZULAEKHA AGUNG | D123: 09 | E123: PASI KAB PEKALONGAN
A124: 8 | B124: =INDEX('Sheet 0'!A:A, MATCH(C124, 'Sheet 0'!C:C, 0)) -> '266 | C124: NASHWA PRADIPA KHALISA PUTRI | D124: 12 | E124: MTs MUHAMMADIYAH BATANG
A126: Event | C126: : 2. 5000M U (16-18) Male
A127: NO | B127: BIB | C127: Nama Atlet | D127: YR | E127: Team | F127: Time
A128: 1 | B128: =INDEX('Sheet 0'!A:A, MATCH(C128, 'Sheet 0'!C:C, 0)) -> '467 | C128: MUHAMMAD ZAKI FADILLAH | D128: 11 | E128: SMA (SMUHI)
A129: 2 | B129: =INDEX('Sheet 0'!A:A, MATCH(C129, 'Sheet 0'!C:C, 0)) -> '417 | C129: ALTOF STEFANDY | D129: 12 | E129: PASI KOTA PEKALONGAN
A130: 3 | B130: =INDEX('Sheet 0'!A:A, MATCH(C130, 'Sheet 0'!C:C, 0)) -> '461 | C130: MUHAMMAD AZZAM AZFAR RIZKY | D130: 09 | E130: PASI KOTA PEKALONGAN
A131: 4 | B131: =INDEX('Sheet 0'!A:A, MATCH(C131, 'Sheet 0'!C:C, 0)) -> '420 | C131: ANDIKA EMA UTAMA | D131: 09 | E131: PASI KOTA PEKALONGAN
A132: 5 | B132: =INDEX('Sheet 0'!A:A, MATCH(C132, 'Sheet 0'!C:C, 0)) -> '751 | C132: OKSA ALFIANSAH | D132: 09 | E132: SMK MA'ARIF NU TALANG
A133: 6 | B133: =INDEX('Sheet 0'!A:A, MATCH(C133, 'Sheet 0'!C:C, 0)) -> '281 | C133: Banu Satrio | D133: 10 | E133: Pasi Batang
A134: 7 | B134: =INDEX('Sheet 0'!A:A, MATCH(C134, 'Sheet 0'!C:C, 0)) -> '375 | C134: HILMI AL BAIHAQI | D134: 09 | E134: PASI KAB. TEGAL
A135: 8 | B135: =INDEX('Sheet 0'!A:A, MATCH(C135, 'Sheet 0'!C:C, 0)) -> '599 | C135: Muhammad Ariyan Putra Muslim | D135: 12 | E135: SDN Kuripan Kidul 02
A136: 9 | B136: =INDEX('Sheet 0'!A:A, MATCH(C136, 'Sheet 0'!C:C, 0)) -> '392 | C136: PUTRA PRATAMA RAMADHAN | D136: 10 | E136: PASI Kabupaten Brebes
A137: 10 | B137: =INDEX('Sheet 0'!A:A, MATCH(C137, 'Sheet 0'!C:C, 0)) -> '768 | C137: MUHAMMAD WISNU AJI | D137: 10 | E137: SMK MUHAMMADIYAH KARANGANYAR
A138: 11 | B138: =INDEX('Sheet 0'!A:A, MATCH(C138, 'Sheet 0'!C:C, 0)) -> '213 | C138: Rafi Saputra | D138: 09 | E138: MAN 2 Brebes
A139: 12 | B139: =INDEX('Sheet 0'!A:A, MATCH(C139, 'Sheet 0'!C:C, 0)) -> '492 | C139: Evanditya Riski Pratama | D139: 09 | E139: Pasi Kota Tegal
A140: 13 | B140: =INDEX('Sheet 0'!A:A, MATCH(C140, 'Sheet 0'!C:C, 0)) -> '493 | C140: Faris Fadhil Nugroho | D140: 09 | E140: Pasi Kota Tegal
A141: 14 | B141: =INDEX('Sheet 0'!A:A, MATCH(C141, 'Sheet 0'!C:C, 0)) -> '775 | C141: ILYASSA | D141: 09 | E141: SMK N 1 KEDUNGWUNI
A142: 15 | B142: =INDEX('Sheet 0'!A:A, MATCH(C142, 'Sheet 0'!C:C, 0)) -> '191 | C142: Resta | D142: 09 | E142: LSSC
A143: 16 | B143: =INDEX('Sheet 0'!A:A, MATCH(C143, 'Sheet 0'!C:C, 0)) -> '349 | C143: JUANAYA OBIORA | D143: 09 | E143: PASI KAB PEMALANG
A144: 17 | B144: =INDEX('Sheet 0'!A:A, MATCH(C144, 'Sheet 0'!C:C, 0)) -> '344 | C144: FAIRUZ AD DAILAMI | D144: 10 | E144: PASI KAB PEMALANG
A145: 18 | B145: =INDEX('Sheet 0'!A:A, MATCH(C145, 'Sheet 0'!C:C, 0)) -> '333 | C145: ANANG BAHRUL WAFA | D145: 11 | E145: PASI KAB PEMALANG
A146: 19 | B146: =INDEX('Sheet 0'!A:A, MATCH(C146, 'Sheet 0'!C:C, 0)) -> '304 | C146: MOCH. DANIAL AZZINDANI | D146: 09 | E146: PASI KAB PEKALONGAN
A147: 20 | B147: =INDEX('Sheet 0'!A:A, MATCH(C147, 'Sheet 0'!C:C, 0)) -> '632 | C147: Abdul Faqih | D147: 10 | E147: SMA N 1 SRAGI
A148: 21 | B148: =INDEX('Sheet 0'!A:A, MATCH(C148, 'Sheet 0'!C:C, 0)) -> '794 | C148: DANANG SUTAWIJAYA | D148: 09 | E148: SMKN 1 WARUNGASEM
A149: 22 | B149: =INDEX('Sheet 0'!A:A, MATCH(C149, 'Sheet 0'!C:C, 0)) -> '645 | C149: ZICKY LANGIT SATRIOAJI | D149: 09 | E149: SMA N 1 SRAGI
A150: 23 | B150: =INDEX('Sheet 0'!A:A, MATCH(C150, 'Sheet 0'!C:C, 0)) -> '880 | C150: Daniel Josh Lontokan | D150: 12 | E150: SMP NEGERI 4 PEKALONGAN
A152: Event | C152: : 3. 1000M U 12-13 Famale
A153: NO | B153: BIB | C153: Nama Atlet | D153: YR | E153: Team | F153: Time
A154: 1 | B154: =INDEX('Sheet 0'!A:A, MATCH(C154, 'Sheet 0'!C:C, 0)) -> '489 | C154: ZIHAN PUTRY SARASWATY | D154: 15 | E154: PASI PEKALONGAN
A155: 2 | B155: =INDEX('Sheet 0'!A:A, MATCH(C155, 'Sheet 0'!C:C, 0)) -> '430 | C155: DEANISA ARSYFA ATHAYA | D155: 14 | E155: PASI KOTA PEKALONGAN
A156: 3 | B156: =INDEX('Sheet 0'!A:A, MATCH(C156, 'Sheet 0'!C:C, 0)) -> '444 | C156: JIHAN TALITA ULFA | D156: 13 | E156: PASI KOTA PEKALONGAN
A157: 4 | B157: =INDEX('Sheet 0'!A:A, MATCH(C157, 'Sheet 0'!C:C, 0)) -> '562 | C157: KAELA YULIERNI | D157: 15 | E157: SD NEGERI 02 LEGOKCLILE
A158: 5 | B158: =INDEX('Sheet 0'!A:A, MATCH(C158, 'Sheet 0'!C:C, 0)) -> '386 | C158: MYESHA ADREENA PRANATA | D158: 17 | E158: PASI KABUPATEN BATANG/ SDN CLAPAR
A159: 6 | B159: =INDEX('Sheet 0'!A:A, MATCH(C159, 'Sheet 0'!C:C, 0)) -> '796 | C159: Rizqi Tri Saputri | D159: 13 | E159: Smp 1 Negeri Kesesi
A160: 7 | B160: =INDEX('Sheet 0'!A:A, MATCH(C160, 'Sheet 0'!C:C, 0)) -> '867 | C160: Melatih Febriana Putri | D160: 13 | E160: Smp Negeri 1 kesesi
A161: 8 | B161: =INDEX('Sheet 0'!A:A, MATCH(C161, 'Sheet 0'!C:C, 0)) -> '381 | C161: REIVALINA VALLEN AZZAHRA | D161: 13 | E161: PASI KAB.BREBES
A162: 9 | B162: =INDEX('Sheet 0'!A:A, MATCH(C162, 'Sheet 0'!C:C, 0)) -> '377 | C162: HANUN NUR MUMTAZAH | D162: 14 | E162: PASI KAB.BREBES
A163: 10 | B163: =INDEX('Sheet 0'!A:A, MATCH(C163, 'Sheet 0'!C:C, 0)) -> '382 | C163: VIRA SINTA AULIA PUTRI | D163: 14 | E163: PASI KAB.BREBES
A164: 11 | B164: =INDEX('Sheet 0'!A:A, MATCH(C164, 'Sheet 0'!C:C, 0)) -> '312 | C164: Putri Rahma Maulida | D164: 13 | E164: PASI KAB PEKALONGAN
A165: 12 | B165: =INDEX('Sheet 0'!A:A, MATCH(C165, 'Sheet 0'!C:C, 0)) -> '882 | C165: AFIKA PUTRI SALMA | D165: 14 | E165: SMP NU 1 HASYIM ASY'ARI TARUB, TEGAL
... A177: 24 | B177: =INDEX('Sheet 0'!A:A, MATCH(C177, 'Sheet 0'!C:C, 0)) -> '322 | C177: ZAHRA LAELA AZHAR | D177: 12 | E177: PASI KAB PEKALONGAN
A179: Event | C179: : 4. 1000M U 12-13 Male
A180: HIT | B180: 1
A181: NO | B181: BIB | C181: Nama Atlet | D181: YR | E181: Team | F181: Time
A182: 1 | B182: =INDEX('Sheet 0'!A:A, MATCH(C182, 'Sheet 0'!C:C, 0)) -> '468 | C182: MUHAMMAD ZIDAN LATIF | D182: 14 | E182: PASI KOTA PEKALONGAN
A183: 2 | B183: =INDEX('Sheet 0'!A:A, MATCH(C183, 'Sheet 0'!C:C, 0)) -> '329 | C183: ADRYAN RAFI ALVARO | D183: 14 | E183: PASI KAB PEMALANG
A184: 3 | B184: =INDEX('Sheet 0'!A:A, MATCH(C184, 'Sheet 0'!C:C, 0)) -> '186 | C184: Muhammad Ghani Mahameru | D184: 13 | E184: Global Inbyra School
A185: 4 | B185: =INDEX('Sheet 0'!A:A, MATCH(C185, 'Sheet 0'!C:C, 0)) -> '893 | C185: AHMAD MISBAH SAFIRDAN | D185: 13 | E185: SMP SATU ATAP NOTOGIWANG
A186: 5 | B186: =INDEX('Sheet 0'!A:A, MATCH(C186, 'Sheet 0'!C:C, 0)) -> '486 | C186: TEGAR YUSVIYAN PRATAMA | D186: 13 | E186: PASI KOTA PEKALONGAN
A187: 6 | B187: =INDEX('Sheet 0'!A:A, MATCH(C187, 'Sheet 0'!C:C, 0)) -> '248 | C187: Keanu rakabuming setiaji | D187: 17 | E187: MIS ALAM ANANDA MANDIRI
A188: 7 | B188: =INDEX('Sheet 0'!A:A, MATCH(C188, 'Sheet 0'!C:C, 0)) -> '606 | C188: Haidar Tsaqib Almairi | D188: 14 | E188: SDN Panjang Wetan 01
A189: 8 | B189: =INDEX('Sheet 0'!A:A, MATCH(C189, 'Sheet 0'!C:C, 0)) -> '532 | C189: Muhammad Bagir Az-Zaky | D189: 14 | E189: SD Islam 05
A190: 9 | B190: =INDEX('Sheet 0'!A:A, MATCH(C190, 'Sheet 0'!C:C, 0)) -> '802 | C190: M. SHOLLAHUDIN HIZBULLAH | D190: 13 | E190: SMP ISLAM FQ WONOKERTO
...

Sheet Sheet 0
A1: No Dada | B1: Asal Sekolah | C1: Nama Atlet | D1: L/P | E1: YR
A2: '001 | B2: KB AISYIYAH PURI | C2: MUHAMMAD HANAN ARRAFIF | D2: L | E2: 22
A3: '002 | B3: KB Aisyiyah Qurrota A'yun 03 Binagria | C3: FARZANA YUKO PRANADIPA | D3: L | E3: 22
A4: '003 | B4: KB melati podosugih | C4: Kanaka Gilang Aditya | D4: L | E4: 20
A5: '004 | B5: MI ISLAMIYAH PRINGLANGU 01 | C5: AMANDA NAYSILLA SHANUM | D5: P | E5: 19
A6: '005 | B6: MI KRANJI 02 KEDUNGWUNI | C6: M. ADIB ASSALAMI | D6: L | E6: 19
A7: '006 | B7: MI Muhammadiyah karang asam kab.batang | C7: Ardiyan afnan wijaya | D7: L | E7: 20
A8: '007 | B8: MI NU Buaran | C8: M. Khafidz Maulana | D8: L | E8: 19
A9: '008 | B9: MI NU BUARAN | C9: Achmad Hadi Wijaya | D9: L | E9: 19
A10: '009 | B10: MI SALAFIYAH 1 KAUMAN | C10: AULIA SIFABELLA RAMADHANI | D10: P | E10: 20
A11: '010 | B11: MI SALAFIYAH 1 KAUMAN | C11: MUHAMMAD ARYAJATI LATIFUDDIN | D11: L | E11: 20
A12: '011 | B12: MI SALAFIYAH 1 KAUMAN | C12: ALZEA ZUNAIRA BUSRO | D12: P | E12: 19
A13: '012 | B13: MI SALAFIYAH 1 KAUMAN | C13: ARJUNA SHAQUILLE AKBAR | D13: L | E13: 19
... A790: '789 | B790: SMK NUSANTARA 1 COMAL | C790: MUHAMMAD SYAHRUL PRASETYAWAN | D790: L | E790: 11
A791: '790 | B791: SMK PGRI BATANG | C791: Ibnu Akbar | D791: L | E791: 09
A792: '791 | B792: SMK PGRI BATANG | C792: Khairul Aprilianto | D792: L | E792: 10
A793: '792 | B793: SMK WARUNGASEM | C793: DICKI VIKI PRATAMA | D793: L | E793: 10
A794: '793 | B794: SMKN 1 KEDUNGWUNI | C794: MUHAMMAD JAVIER AL FHARD | D794: L | E794: 10
A795: '794 | B795: SMKN 1 WARUNGASEM | C795: DANANG SUTAWIJAYA | D795: L | E795: 9
A796: '795 | B796: SMKN3PEKALONGAN | C796: Fathan Rakha Zahidan | D796: L | E796: 11
A797: '796 | B797: Smp 1 Negeri Kesesi | C797: Rizqi Tri Saputri | D797: P | E797: 13
A798: '797 | B798: Smp 2 Kota pekalongan | C798: Fachry Caesar Saputra | D798: L | E798: 12
A799: '798 | B799: SMP Ihsaniyah Tegal | C799: ASSYIFA NUR DIANDI | D799: P | E799: 11
A800: '799 | B800: SMP ISLAM AL BAYAN | C800: KEENAR ANGGIRA WIKHA | D800: P | E800: 12
A801: '800 | B801: SMP ISLAM AL BAYAN | C801: ZAHRA NAYYA AMELYA | D801: P | E801: 13
A802: '801 | B802: Smp Islam Fq Wonokerto | C802: Kevin Kian Alvaro | D802: L | E802: 12
A803: '802 | B803: SMP ISLAM FQ WONOKERTO | C803: M. SHOLLAHUDIN HIZBULLAH | D803: L | E803: 13
... A976: '975 | B976: Team Megono B | C976: Maratuzzafa | D976: P | E976: 14
A977: '976 | B977: Team SMA N 1 BOJONG | C977: Bimo Mifta Wijaya Nurali | D977: L | E977: 09
A978: '977 | B978: Team SMA N 1 BOJONG | C978: Luluk Prayogi | D978: L | E978: 08
A979: '978 | B979: Team SMA N 1 BOJONG | C979: Dita Rahma Sari | D979: P | E979: 08
A980: '979 | B980: Team SMA N 1 BOJONG | C980: Dinda Agustina | D980: P | E980: 10
A981: '980 | B981: Team SMP N 1 Kesesi | C981: Alqifari idul akbar | D981: L | E981: 09
A982: '981 | B982: Team SMP N 1 Kesesi | C982: Reihan Septriawijaya | D982: L | E982: 12
A983: '982 | B983: Team SMP N 1 Kesesi | C983: Fitri ardila mika | D983: P | E983: 11
A984: '983 | B984: Team SMP N 1 Kesesi | C984: Khaila Oktafiani | D984: P | E984: 11
A985: '984 | B985: Team MAN 02 Kota Pekalongan | C985: Mahendra Rachwa Suryandaru | D985: L | E985: 09
A986: '985 | B986: Team MAN 02 Kota Pekalongan | C986: Nur Rohman | D986: L | E986: 11
A987: '986 | B987: Team MAN 02 Kota Pekalongan | C987: Ilma Rizka Alfina | D987: P | E987: 11
A988: '987 | B988: Team MAN 02 Kota Pekalongan | C988: Anita Rosika | D988: P | E988: 10
A989: '988 | B989: Team PASI Kota Pekalongan A | C989: MUHAMAD ARIF KURNIAWAN | D989: L | E989: 11
A990: '989 | B990: Team PASI Kota Pekalongan A | C990: MUHAMMAD KHASIF AHNAF | D990: L | E990: 11
A991: '990 | B991: Team PASI Kota Pekalongan A | C991: Zahra Adelia Putri | D991: P | E991: 12
A992: '991 | B992: Team PASI Kota Pekalongan A | C992: Dinda Irma Emilka | D992: P | E992: 10
A993: '992 | B993: Team Patimura Atletik Club | C993: Sulthan Fadhil Asyja | D993: L | E993: 09
A994: '993 | B994: Team Patimura Atletik Club | C994: M.Rasya Ananta | D994: L | E994: 10
A995: '994 | B995: Team Patimura Atletik Club | C995: Aisyah Nurus Syahidah | D995: P | E995: 09
A996: '995 | B996: Team Patimura Atletik Club | C996: Aurellia Zahrotus S. | D996: P | E996: 09
A997: '996 | B997: Team MAN 2 Brebes | C997: Khanzul Ibnu Batutah | D997: L | E997: 10
A998: '997 | B998: Team MAN 2 Brebes | C998: Bayu Hakim Nada | D998: L | E998: 09
A999: '998 | B999: Team MAN 2 Brebes | C999: Luna Restyana Safira | D999: P | E999: 10
A1000: '999 | B1000: Team MAN 2 Brebes | C1000: Laila Afifah Faujiyah | D1000: P | E1000: 10
A1001: '1000 | B1001: Team PASI Kota Pekalongan B | C1001: MUHAMMAD SYAHRUL MUBAROK | D1001: L | E1001: 08
A1002: '1001 | B1002: Team PASI Kota Pekalongan B | C1002: AHMAD HUSAINI | D1002: L | E1002: 09
A1003: '1002 | B1003: Team PASI Kota Pekalongan B | C1003: ELOK KARTIKA MAQFIRANI | D1003: P | E1003: 08
A1004: '1003 | B1004: Team PASI Kota Pekalongan B | C1004: NABIL ALEA IKFA KHALIDA | D1004: P | E1004: 09
A1005: '1004 | B1005: Team SMA N 1 KRAMAT | C1005: RAHMANENDRA PUTRA NOVIANSYAH | D1005: L | E1005: 09
A1006: '1005 | B1006: Team SMA N 1 KRAMAT | C1006: ENGGIN FERDIYANSYAH | D1006: L | E1006: 08
A1007: '1006 | B1007: Team SMA N 1 KRAMAT | C1007: JASMINE AZZAHRA | D1007: P | E1007: 10
A1008: '1007 | B1008: Team SMA N 1 KRAMAT | C1008: DWI AYU LESTARI | D1008: P | E1008: 10
A1009: '1008 | B1009: Team KAB PEKALONGAN | C1009: DIKA KEVIAN SYAH | D1009: L | E1009: 09
A1010: '1009 | B1010: Team KAB PEKALONGAN | C1010: MUHAMMAD UBAIDILLAH | D1010: L | E1010: 08
A1011: '1010 | B1011: Team KAB PEKALONGAN | C1011: NAMIRA EKA AFINDARI | D1011: P | E1011: 10
A1012: '1011 | B1012: Team KAB PEKALONGAN | C1012: 1.ECCA RISMA FRANSISCA | D1012: P | E1012: 08
A1013: '1012 | B1013: Team SMK N 1WARUNGASEM | C1013: Reyvanto Al Habsyi | D1013: L | E1013: 09
A1014: '1013 | B1014: Team SMK N 1WARUNGASEM | C1014: Arshavin Avriel Heriyanto | D1014: L | E1014: 11
A1015: '1014 | B1015: Team SMK N 1WARUNGASEM | C1015: Miftaviani Nikita Wulandari | D1015: P | E1015: 10
A1016: '1015 | B1016: Team SMK N 1WARUNGASEM | C1016: Afifah Eka Ramandani | D1016: P | E1016: 09
A1017: '1016 | B1017: Team SMA N 02 Kota Pekalongan | C1017: M. Ghifari Rafasya | D1017: L | E1017: 10
A1018: '1017 | B1018: Team SMA N 02 Kota Pekalongan | C1018: Ahnaf Nagata Putra | D1018: L | E1018: 10
A1019: '1018 | B1019: Team SMA N 02 Kota Pekalongan | C1019: Shakira Anindhita Ramadhani | D1019: P | E1019: 10
A1020: '1019 | B1020: Team SMA N 02 Kota Pekalongan | C1020: Oktavia Dwi Zahira | D1020: P | E1020: 10
A1021: '1020 | B1021: Team SMP Notogiwang | C1021: Mirzani Ibnu Abi Sutarto | D1021: L | E1021: 12
A1022: '1021 | B1022: Team SMP Notogiwang | C1022: M. Army Arohman | D1022: L | E1022: 12
A1023: '1022 | B1023: Team SMP Notogiwang | C1023: Alisa Setefani | D1023: P | E1023: 12
A1024: '1023 | B1024: Team SMP Notogiwang | C1024: Khoirun NisaPutri Prastio | D1024: P | E1024: 12
A1025: '1024
A1026: '1025
A1027: '1026
A1028: '1027
A1029: '1028
A1030: '1029
A1031: '1030

Sheet Sheet1
